PLAYER_ID,PLAYER,BIRDIE_AVG,BIRDIE_# OF BIRDIES,BIRDIE_TOTAL ROUNDS,DRIVING_AVG,DRIVING_TOTAL DISTANCE,DRIVING_TOTAL DRIVES,FAIRWAY_%,FAIRWAY_FAIRWAYS HIT,FAIRWAY_POSSIBLE FAIRWAYS,GREENS_%,GREENS_GREENS HIT,GREENS_# HOLES,GREENS_RELATIVE/PAR,PAR5_AVG,PAR5_TOTAL STROKES,PAR5_TOTAL HOLES,PAR4_AVG,PAR4_TOTAL STROKES,PAR4_TOTAL HOLES,PAR3_AVG,PAR3_TOTAL STROKES,PAR3_TOTAL HOLES,SCRAMBLE_%,SCRAMBLE_PAR OR BETTER,SCRAMBLE_MISSED GIR,STROKES_AVG,STROKES_TOTAL STROKES,STROKES_TOTAL ADJUSTMENT,STROKES_TOTAL ROUNDS,THREE_PUTT_%,THREE_PUTT_TOTAL,THREE_PUTT_TOTAL_HOLES,APPROACH_SG_AVG,APPROACH_SG_TOTAL,APPROACH_MEASURED_ROUNDS,PROXIMITY_AVG,PROXIMITY_TOTAL_DIST_FT,PROXIMITY_ATTEMPTS,PROXIMITY_GIR_RANK,SG_PUTTING_AVG,SG_PUTTING_TOTAL,SG_PUTTING_MEASURED_ROUNDS,SG_OTT_AVG,SG_OTT_TOTAL,SG_OTT_MEASURED_ROUNDS,SG_ATG_AVG,SG_ATG_TOTAL,SG_ATG_MEASURED_ROUNDS
50286,A.J. Ewart,3.85,131,34,302.8,20587,68,55.96%,263,470,68.14%,417,612,-0.27,4.61,562,122,3.99,1387,348,3.07,436,142,65.13%,127,195,71.012,2385.0,29.392,34.0,2.61%,16.0,612.0,-0.152,-4.099,27.0,"35' 9""",17098.333,478.0,34,0.513,13.847,27.0,-0.095,-2.568,27.0,-0.088,-2.372,27.0
46414,Aaron Rai,3.35,67,20,285.7,11428,40,65.47%,182,278,70.00%,252,360,-0.25,4.56,292,64,4.05,867,214,3.1,254,82,55.56%,60,108,71.547,1413.0,17.942,20.0,4.17%,18.0,432.0,0.094,1.878,20.0,"37' 0""",13214.75,357.0,T15,-0.437,-8.743,20.0,-0.088,-1.765,20.0,-0.016,-0.328,20.0
47347,Adam Schenk,3.48,101,29,299.9,17097,57,51.24%,206,402,63.03%,329,522,-0.25,4.69,488,104,4.12,1229,298,3.11,373,120,52.85%,102,193,73.193,2090.0,32.587,29.0,3.37%,20.0,594.0,-0.353,-10.585,30.0,"38' 4""",20519.75,535.0,T121,-0.572,-17.158,30.0,-0.376,-11.266,30.0,0.076,2.274,30.0
24502,Adam Scott,4.07,114,28,312.2,17484,56,56.44%,219,388,69.84%,352,504,-0.32,4.47,429,96,4.01,1170,292,2.91,338,116,66.45%,101,152,70.19,1937.0,28.306,28.0,3.13%,18.0,576.0,0.912,22.791,25.0,"33' 7""",14989.167,446.0,T19,-0.029,-0.725,25.0,0.315,7.887,25.0,-0.103,-2.57,25.0
40115,Adam Svensson,3.65,84,23,292.7,13462,46,60.38%,192,318,65.94%,273,414,-0.26,4.6,368,80,4.03,958,238,3.08,296,96,63.12%,89,141,71.483,1622.0,22.104,23.0,3.86%,16.0,414.0,0.227,3.634,16.0,"36' 1""",10329.667,286.0,T74,-0.959,-15.341,16.0,-0.046,-0.729,16.0,0.186,2.972,16.0
50497,Adrien Dumont de Chassart,3.94,126,32,310.1,19845,64,54.77%,241,440,64.58%,372,576,-0.32,4.55,501,110,4.01,1322,330,2.99,406,136,66.67%,136,204,70.614,2229.0,30.663,32.0,1.91%,11.0,576.0,0.085,2.136,25.0,"37' 6""",16774.167,447.0,98,-0.072,-1.81,25.0,0.068,1.694,25.0,0.438,10.955,25.0
34371,Adrien Saddier,3.58,93,26,301.2,15660,52,61.73%,221,358,65.60%,307,468,-0.28,4.61,406,88,4.03,1087,270,3.15,346,110,59.01%,95,161,71.753,1839.0,26.584,26.0,1.71%,8.0,468.0,-0.332,-6.969,21.0,"37' 5""",14008.333,374.0,83,0.004,0.083,21.0,0.156,3.277,21.0,-0.142,-2.985,21.0
56630,Akshay Bhatia,4.92,123,25,301.2,15058,50,58.57%,205,350,69.33%,312,450,-0.38,4.46,410,92,3.93,1014,258,3.03,303,100,65.22%,90,138,70.293,1727.0,30.327,25.0,2.51%,14.0,558.0,0.72,18.725,26.0,"35' 11""",16612.083,462.0,41,0.792,20.595,26.0,-0.059,-1.543,26.0,0.062,1.602,26.0
63343,Aldrich Potgieter,3.7,85,23,324.8,14942,46,55.97%,178,318,66.43%,275,414,-0.29,4.54,372,82,4.07,960,236,3.14,301,96,54.68%,76,139,72.237,1633.0,28.454,23.0,5.75%,30.0,522.0,-0.306,-7.353,24.0,"38' 1""",16255.583,427.0,T92,-0.428,-10.275,24.0,0.698,16.749,24.0,-0.448,-10.757,24.0
38991,Alejandro Tosti,3.33,70,21,308.1,12940,42,50.35%,145,288,57.67%,218,378,-0.27,4.66,345,74,4.14,886,214,3.3,297,90,52.50%,84,160,73.533,1528.0,16.197,21.0,3.97%,15.0,378.0,-1.067,-17.067,16.0,"39' 2""",11082.833,283.0,157,-0.963,-15.403,16.0,-0.004,-0.059,16.0,-0.258,-4.131,16.0
27349,Alex Noren,4.32,108,25,290.1,14506,50,61.43%,215,350,64.22%,289,450,-0.35,4.55,437,96,3.97,1009,254,3.08,308,100,65.22%,105,161,71.305,1754.0,28.619,25.0,3.03%,18.0,594.0,0.033,0.866,26.0,"39' 1""",18105.667,463.0,115,0.364,9.457,26.0,-0.178,-4.632,26.0,0.289,7.51,26.0
46340,Alex Smalley,4.05,154,38,306.0,23259,76,57.82%,303,524,69.59%,476,684,-0.31,4.55,601,132,3.95,1550,392,3.08,493,160,60.58%,126,208,70.595,2644.0,38.62,38.0,2.05%,14.0,684.0,0.397,13.907,35.0,"34' 6""",21576.833,626.0,14,0.156,5.465,35.0,0.127,4.453,35.0,0.129,4.532,35.0
51997,Andrew Novak,3.87,120,31,297.6,18454,62,56.74%,244,430,63.44%,354,558,-0.31,4.59,542,118,4.07,1269,312,2.98,382,128,62.75%,128,204,71.782,2193.0,32.244,31.0,3.30%,22.0,666.0,0.13,4.153,32.0,"36' 9""",20961.333,571.0,130,-0.246,-7.876,32.0,-0.057,-1.822,32.0,0.063,2.006,32.0
34256,Andrew Putnam,3.86,108,28,280.5,15708,56,70.83%,272,384,64.48%,325,504,-0.29,4.57,484,106,4.01,1115,278,3.03,364,120,69.27%,124,179,70.739,1963.0,17.679,28.0,3.13%,18.0,576.0,0.381,11.061,29.0,"40' 3""",20972.25,521.0,104,-0.001,-0.017,29.0,-0.398,-11.554,29.0,0.437,12.664,29.0
57362,Austin Eckroat,4.14,120,29,299.6,17379,58,58.00%,232,400,64.75%,338,522,-0.34,4.62,471,102,3.98,1185,298,3.08,376,122,59.78%,110,184,71.089,2032.0,29.567,29.0,.57%,3.0,522.0,0.428,9.419,22.0,"38' 5""",15190.25,395.0,T92,-0.198,-4.36,22.0,-0.102,-2.246,22.0,-0.143,-3.148,22.0
50095,Austin Smotherman,4.27,111,26,302.1,15707,52,63.26%,229,362,69.23%,324,468,-0.32,4.66,438,94,4.01,1076,268,2.92,310,106,59.72%,86,144,70.891,1824.0,19.166,26.0,3.15%,17.0,540.0,0.74,19.985,27.0,"34' 11""",16794.75,481.0,36,-0.52,-14.027,27.0,0.384,10.366,27.0,-0.379,-10.222,27.0
35461,Beau Hossler,3.6,90,25,297.7,14887,50,56.10%,193,344,62.44%,281,450,-0.31,4.58,403,88,4.03,1032,256,3.0,318,106,66.86%,113,169,71.121,1753.0,25.017,25.0,1.78%,8.0,450.0,-0.382,-6.876,18.0,"40' 5""",12986.083,321.0,134,0.735,13.221,18.0,-0.169,-3.049,18.0,0.296,5.324,18.0
54591,Ben Griffin,4.03,121,30,300.8,18045,60,62.32%,258,414,68.52%,370,540,-0.32,4.47,447,100,4.01,1260,314,3.03,382,126,61.76%,105,170,70.812,2089.0,35.368,30.0,2.63%,18.0,684.0,-0.258,-8.245,32.0,"39' 1""",22327.333,571.0,T62,0.148,4.732,32.0,-0.231,-7.4,32.0,0.579,18.535,32.0
29420,Billy Horschel,3.79,129,34,299.0,20331,68,52.34%,246,470,64.54%,395,612,-0.31,4.62,554,120,4.05,1416,350,3.06,435,142,55.30%,120,217,71.865,2405.0,38.409,34.0,1.75%,12.0,684.0,0.049,1.724,35.0,"39' 5""",24799.833,629.0,113,-0.007,-0.244,35.0,-0.386,-13.499,35.0,-0.301,-10.536,35.0
66417,Blades Brown,4.43,62,14,312.5,8749,28,60.94%,117,192,68.65%,173,252,-0.38,4.57,247,54,4.01,553,138,2.88,173,60,62.03%,49,79,,,,,,,,,,,,,,,,,,,,,,,
27649,Brandt Snedeker,3.18,54,17,281.2,9562,34,62.82%,147,234,62.09%,190,306,-0.27,4.65,307,66,4.07,684,168,2.97,214,72,67.24%,78,116,71.74,1205.0,14.576,17.0,,,,,,,,,,,,,,,,,,,
46443,Brian Campbell,3.05,67,22,277.7,12218,44,60.66%,185,305,57.07%,226,396,-0.27,4.71,358,76,4.1,940,229,3.21,292,91,59.41%,101,170,73.329,1590.0,23.242,22.0,2.04%,11.0,540.0,-0.822,-19.726,24.0,"39' 4""",16692.167,424.0,162,-0.094,-2.265,24.0,-0.853,-20.47,24.0,-0.266,-6.384,24.0
27644,Brian Harman,3.69,107,29,293.1,17001,58,61.33%,249,406,63.79%,333,522,-0.28,4.72,481,102,4.02,1222,304,3.06,355,116,60.85%,115,189,72.058,2058.0,31.682,29.0,3.15%,21.0,666.0,-0.046,-1.43,31.0,"36' 1""",19893.083,551.0,127,-0.288,-8.922,31.0,-0.31,-9.607,31.0,0.183,5.675,31.0
29535,Brice Garnett,2.96,74,25,290.0,14501,50,62.21%,214,344,64.44%,290,450,-0.2,4.65,391,84,4.09,1063,260,3.13,332,106,60.00%,96,160,72.363,1786.0,23.076,25.0,3.56%,16.0,450.0,-0.539,-9.708,18.0,"39' 2""",12525.083,320.0,102,-0.318,-5.728,18.0,-0.632,-11.373,18.0,0.157,2.826,18.0
36689,Brooks Koepka,4.15,83,20,310.3,12412,40,50.73%,139,274,69.17%,249,360,-0.29,4.51,325,72,4.04,817,202,3.09,266,86,57.66%,64,111,70.703,1408.0,6.052,20.0,3.94%,17.0,432.0,0.913,17.34,19.0,"35' 6""",11977.083,337.0,T23,-0.529,-10.053,19.0,0.111,2.112,19.0,0.051,0.972,19.0
34021,Bud Cauley,3.64,120,33,298.4,19694,66,57.86%,265,458,65.66%,390,594,-0.28,4.58,540,118,4.04,1374,340,3.04,414,136,62.75%,128,204,71.467,2328.0,30.421,33.0,1.95%,13.0,666.0,0.244,8.534,35.0,"36' 5""",22813.583,627.0,99,-0.308,-10.785,35.0,-0.044,-1.526,35.0,0.218,7.641,35.0
45157,Cam Davis,2.84,54,19,301.9,11473,38,51.52%,136,264,57.31%,196,342,-0.25,4.8,317,66,4.17,825,198,3.26,254,78,51.37%,75,146,74.229,1396.0,14.35,19.0,2.63%,9.0,342.0,-1.058,-16.925,16.0,"40' 5""",11283.083,279.0,159,-0.686,-10.973,16.0,-0.969,-15.509,16.0,-0.025,-0.397,16.0
57366,Cameron Young,4.58,110,24,308.0,14783,48,62.50%,210,336,70.37%,304,432,-0.34,4.52,398,88,3.95,979,248,2.96,284,96,66.41%,85,128,70.092,1661.0,21.205,24.0,2.60%,15.0,576.0,0.521,14.068,27.0,"33' 6""",16166.333,483.0,T15,0.125,3.379,27.0,0.611,16.49,27.0,0.165,4.442,27.0
52513,Carson Young,4.07,57,14,289.5,8106,28,59.69%,117,196,66.27%,167,252,-0.32,4.75,247,52,3.99,575,144,2.96,166,56,60.00%,51,85,72.041,988.0,20.578,14.0,,,,,,,,,,,,,,,,,,,
47983,Chad Ramey,3.76,143,38,303.1,22731,75,55.92%,293,524,63.60%,435,684,-0.31,4.68,618,132,3.98,1562,392,3.03,485,160,65.46%,163,249,70.963,2665.0,31.589,38.0,1.46%,10.0,684.0,-0.22,-7.269,33.0,"37' 1""",21881.667,590.0,116,0.738,24.342,33.0,-0.048,-1.594,33.0,-0.193,-6.373,33.0
54788,Chandler Blanchet,3.39,78,23,293.3,13491,46,64.87%,205,316,65.94%,273,414,-0.28,4.55,373,82,4.08,955,234,3.09,303,98,58.16%,82,141,71.781,1631.0,19.956,23.0,2.47%,12.0,486.0,-0.015,-0.297,20.0,"37' 6""",13336.0,356.0,82,-0.49,-9.802,20.0,0.012,0.234,20.0,-0.441,-8.83,20.0
57900,Chandler Phillips,3.7,111,30,298.5,17912,60,59.42%,246,414,57.59%,311,540,-0.32,4.63,472,102,4.02,1254,312,3.17,399,126,62.01%,142,229,71.741,2125.0,27.223,30.0,1.67%,9.0,540.0,-0.937,-25.293,27.0,"38' 4""",18335.75,478.0,158,0.484,13.057,27.0,-0.079,-2.124,27.0,-0.06,-1.61,27.0
12716,Charley Hoffman,3.0,51,17,302.5,10286,34,49.15%,115,234,61.44%,188,306,-0.21,4.5,279,62,4.19,720,172,3.24,233,72,56.78%,67,118,73.34,1232.0,14.772,17.0,,,,,,,,,,,,,,,,,,,
59095,Chris Gotterup,4.37,131,30,319.9,19195,60,52.88%,220,416,68.70%,371,540,-0.35,4.41,450,102,3.98,1251,314,3.0,372,124,63.91%,108,169,69.938,2073.0,25.153,30.0,2.34%,16.0,684.0,0.423,13.957,33.0,"36' 4""",21366.0,588.0,31,0.054,1.784,33.0,0.613,20.226,33.0,0.149,4.905,33.0
30926,Chris Kirk,3.55,103,29,302.0,17518,58,61.69%,248,402,66.86%,349,522,-0.3,4.63,481,104,4.03,1200,298,3.09,371,120,56.65%,98,173,71.719,2052.0,27.844,29.0,2.30%,12.0,522.0,0.166,4.484,27.0,"37' 1""",17654.0,476.0,47,-0.384,-10.361,27.0,0.102,2.765,27.0,-0.071,-1.908,27.0
45522,Christiaan Bezuidenhout,3.84,123,32,287.4,18392,64,61.14%,269,440,64.06%,369,576,-0.3,4.54,536,118,4.01,1290,322,3.06,416,136,66.67%,138,207,70.975,2242.0,29.215,32.0,2.08%,12.0,576.0,-0.027,-0.663,25.0,"37' 11""",17028.083,449.0,111,0.496,12.406,25.0,-0.306,-7.642,25.0,0.299,7.475,25.0
54422,Christo Lamprecht,3.43,79,23,313.4,14418,46,45.00%,144,320,59.18%,245,414,-0.27,4.58,366,80,4.07,977,240,3.24,305,94,60.95%,103,169,72.787,1648.0,26.098,23.0,2.42%,10.0,414.0,-1.28,-20.486,16.0,"42' 6""",12069.917,284.0,156,-0.525,-8.396,16.0,0.063,1.007,16.0,0.331,5.301,16.0
50525,Collin Morikawa,4.83,87,18,306.5,11033,36,68.25%,172,252,72.22%,234,324,-0.35,4.37,262,60,3.94,756,192,3.03,218,72,60.00%,54,90,69.803,1236.0,20.448,18.0,1.92%,9.0,468.0,1.136,24.99,22.0,"34' 1""",13496.417,396.0,T5,-0.208,-4.576,22.0,0.541,11.893,22.0,0.109,2.404,22.0
39997,Corey Conners,3.58,93,26,299.7,15584,52,68.61%,247,360,67.74%,317,468,-0.26,4.62,416,90,3.99,1078,270,3.12,337,108,60.93%,92,151,71.119,1831.0,18.096,26.0,3.59%,22.0,612.0,0.464,13.931,30.0,"35' 4""",18870.667,534.0,66,-0.359,-10.755,30.0,0.246,7.372,30.0,-0.25,-7.486,30.0
57259,Dan Brown,3.74,86,23,297.5,13683,46,60.69%,193,318,65.22%,270,414,-0.28,4.61,350,76,4.02,974,242,3.05,293,96,62.50%,90,144,71.309,1617.0,23.114,23.0,3.86%,16.0,414.0,0.146,2.924,20.0,"36' 1""",12889.5,357.0,86,0.053,1.05,20.0,0.053,1.066,20.0,-0.295,-5.894,20.0
40026,Daniel Berger,4.3,129,30,305.9,18353,60,62.62%,263,420,71.67%,387,540,-0.3,4.5,459,102,3.98,1267,318,3.08,370,120,58.82%,90,153,70.945,2096.0,32.353,30.0,2.01%,13.0,648.0,0.816,26.116,32.0,"35' 10""",20425.583,570.0,T8,-0.101,-3.232,32.0,0.073,2.345,32.0,-0.384,-12.301,32.0
54607,Danny Walker,3.91,137,35,303.6,21254,70,47.10%,227,482,60.16%,379,630,-0.31,4.7,592,126,4.04,1440,356,3.1,459,148,57.37%,144,251,71.917,2491.0,26.081,35.0,3.33%,21.0,630.0,-0.121,-3.383,28.0,"39' 2""",19515.333,498.0,146,-0.282,-7.903,28.0,-0.63,-17.644,28.0,0.339,9.486,28.0
65256,David Ford,3.77,113,30,306.0,18359,60,62.80%,260,414,66.11%,357,540,-0.29,4.64,492,106,4.01,1235,308,2.99,377,126,63.39%,116,183,71.069,2104.0,28.081,30.0,3.15%,17.0,540.0,0.109,2.516,23.0,"37' 5""",15463.0,413.0,67,-0.055,-1.269,23.0,0.351,8.074,23.0,-0.256,-5.881,23.0
36326,David Lipsky,4.7,94,20,290.6,11625,40,64.23%,176,274,64.44%,232,360,-0.35,4.57,347,76,3.96,784,198,3.05,262,86,64.84%,83,128,70.711,1393.0,21.22,20.0,2.31%,10.0,432.0,-0.02,-0.337,17.0,"37' 5""",11407.75,305.0,117,0.319,5.426,17.0,-0.361,-6.145,17.0,0.4,6.8,17.0
59006,Davis Chatfield,3.21,77,24,286.0,13726,48,63.94%,211,330,63.19%,273,432,-0.23,4.76,409,86,4.05,987,244,3.02,308,102,65.41%,104,159,71.978,1704.0,23.482,24.0,2.31%,10.0,432.0,-0.503,-8.555,17.0,"38' 3""",11621.417,304.0,126,-0.567,-9.642,17.0,-0.053,-0.893,17.0,0.2,3.405,17.0
47995,Davis Riley,4.12,107,26,303.1,15759,52,51.12%,183,358,61.32%,287,468,-0.32,4.67,411,88,4.05,1094,270,3.15,346,110,58.56%,106,181,72.084,1851.0,23.182,26.0,3.37%,17.0,504.0,-0.525,-9.969,19.0,"37' 5""",12567.583,336.0,147,0.436,8.287,19.0,-1.335,-25.369,19.0,-0.176,-3.337,19.0
58168,Davis Thompson,3.52,109,31,304.4,18871,62,59.35%,254,428,68.46%,382,558,-0.25,4.67,532,114,3.99,1254,314,3.03,394,130,67.05%,118,176,71.164,2180.0,26.098,31.0,2.87%,16.0,558.0,0.389,9.347,24.0,"36' 7""",15666.583,428.0,29,-0.734,-17.617,24.0,0.252,6.05,24.0,0.073,1.755,24.0
47993,Denny McCarthy,3.71,126,34,297.1,20205,68,58.55%,274,468,64.22%,393,612,-0.29,4.62,554,120,4.03,1402,348,3.01,434,144,65.30%,143,219,71.345,2390.0,35.725,34.0,2.19%,15.0,684.0,-0.071,-2.469,35.0,"37' 5""",23349.083,624.0,T131,0.249,8.705,35.0,-0.278,-9.723,35.0,-0.04,-1.412,35.0
52375,Doug Ghim,3.78,102,27,301.3,16272,54,58.33%,217,372,66.05%,321,486,-0.3,4.6,442,96,4.0,1104,276,3.06,349,114,63.64%,105,165,71.151,1895.0,26.068,27.0,3.50%,17.0,486.0,-0.251,-5.018,20.0,"38' 5""",13785.75,359.0,70,-0.174,-3.49,20.0,0.422,8.447,20.0,0.311,6.224,20.0
54783,Dylan Wu,3.85,100,26,299.0,15547,52,59.50%,213,358,70.51%,330,468,-0.26,4.56,410,90,4.02,1078,268,3.08,339,110,57.25%,79,138,71.348,1827.0,28.048,26.0,4.49%,21.0,468.0,0.128,2.426,19.0,"36' 8""",12459.25,340.0,T5,-0.291,-5.528,19.0,-0.097,-1.848,19.0,-0.068,-1.301,19.0
31646,Emiliano Grillo,3.61,112,31,294.1,18233,62,65.02%,277,426,64.70%,361,558,-0.29,4.63,509,110,4.09,1293,316,3.08,406,132,54.82%,108,197,72.251,2208.0,31.795,31.0,2.51%,14.0,558.0,-0.156,-4.378,28.0,"35' 8""",17652.833,495.0,95,-0.578,-16.183,28.0,-0.202,-5.659,28.0,-0.226,-6.327,28.0
47591,Eric Cole,4.03,129,32,297.3,19030,64,48.87%,216,442,61.11%,352,576,-0.34,4.56,520,114,4.02,1318,328,3.06,410,134,64.73%,145,224,71.091,2248.0,26.921,32.0,1.56%,9.0,576.0,0.033,0.884,27.0,"40' 5""",19470.167,482.0,140,0.341,9.22,27.0,-0.886,-23.913,27.0,0.54,14.582,27.0
40006,Erik van Rooyen,3.68,92,25,308.1,15407,50,54.65%,188,344,60.44%,272,450,-0.29,4.74,417,88,4.04,1034,256,3.21,340,106,54.49%,97,178,72.377,1791.0,18.434,25.0,2.67%,12.0,450.0,-1.051,-21.028,20.0,"41' 1""",14514.083,353.0,143,0.265,5.3,20.0,0.141,2.813,20.0,-0.377,-7.534,20.0
54421,Garrick Higgo,2.58,62,24,300.3,14112,47,54.55%,180,330,59.95%,259,432,-0.2,4.79,402,84,4.13,1017,246,3.12,318,102,58.38%,101,173,73.177,1737.0,19.251,24.0,2.58%,13.0,504.0,-0.726,-19.61,27.0,"38' 7""",18704.25,485.0,155,-0.596,-16.082,27.0,-0.165,-4.446,27.0,-0.263,-7.091,27.0
31323,Gary Woodland,4.29,103,24,324.6,15580,48,53.96%,177,328,66.44%,287,432,-0.32,4.49,368,82,3.96,974,246,3.23,336,104,60.00%,87,145,70.639,1678.0,17.344,24.0,2.78%,16.0,576.0,0.162,4.06,25.0,"37' 0""",16481.417,445.0,73,0.41,10.245,25.0,0.606,15.159,25.0,-0.399,-9.977,25.0
64442,Gordon Sargent,3.71,78,21,316.2,13282,42,53.45%,155,290,65.08%,246,378,-0.27,4.5,342,76,4.07,871,214,3.19,281,88,56.06%,74,132,72.159,1494.0,21.335,21.0,2.91%,11.0,378.0,-1.951,-27.307,14.0,"44' 5""",10934.417,246.0,T87,-0.288,-4.028,14.0,0.711,9.953,14.0,0.112,1.572,14.0
49766,Hank Lebioda,3.17,92,29,296.4,17191,58,55.25%,221,400,68.20%,356,522,-0.24,4.78,488,102,3.98,1185,298,3.09,377,122,61.45%,102,166,71.679,2050.0,28.703,29.0,2.49%,13.0,522.0,0.047,1.026,22.0,"38' 5""",15181.083,395.0,33,-0.085,-1.87,22.0,0.037,0.819,22.0,-0.268,-5.886,22.0
35296,Haotong Li,3.96,103,26,305.3,15876,52,60.22%,218,362,70.09%,328,468,-0.27,4.5,396,88,4.03,1104,274,3.04,322,106,64.29%,90,140,71.044,1822.0,25.142,26.0,3.70%,20.0,540.0,0.293,6.746,23.0,"36' 8""",15053.917,411.0,13,-0.247,-5.682,23.0,0.45,10.343,23.0,-0.198,-4.562,23.0
34099,Harris English,4.6,138,30,303.4,18201,60,62.26%,259,416,66.85%,361,540,-0.35,4.58,495,108,3.96,1220,308,2.98,369,124,65.92%,118,179,70.688,2084.0,36.643,30.0,1.90%,13.0,684.0,-0.206,-6.38,31.0,"38' 10""",21438.833,552.0,T74,0.739,22.899,31.0,0.38,11.786,31.0,-0.072,-2.24,31.0
57975,Harry Hall,4.35,113,26,302.7,15740,52,57.50%,207,360,66.24%,310,468,-0.33,4.44,391,88,4.0,1088,272,3.02,326,108,65.82%,104,158,70.531,1805.0,28.817,26.0,1.91%,11.0,576.0,-0.173,-4.857,28.0,"37' 6""",18639.0,497.0,90,0.412,11.546,28.0,-0.296,-8.29,28.0,0.435,12.182,28.0
32839,Hideki Matsuyama,4.19,134,32,300.0,19197,64,58.71%,263,448,67.01%,386,576,-0.32,4.47,501,112,3.98,1336,336,2.96,379,128,73.68%,140,190,70.179,2216.0,29.734,32.0,2.47%,16.0,648.0,0.635,19.7,31.0,"35' 0""",19367.583,554.0,49,0.271,8.399,31.0,-0.099,-3.068,31.0,0.39,12.088,31.0
56781,Isaiah Salinda,3.19,67,21,314.2,13196,42,57.64%,166,288,66.67%,252,378,-0.25,4.64,353,76,4.05,859,212,3.17,285,90,58.73%,74,126,72.252,1497.0,20.294,21.0,3.97%,15.0,378.0,-0.23,-3.219,14.0,"37' 10""",9345.083,247.0,T50,-0.452,-6.321,14.0,0.539,7.543,14.0,-0.648,-9.068,14.0
39324,J.J. Spaun,3.92,94,24,300.9,14444,48,61.08%,204,334,67.36%,291,432,-0.29,4.52,389,86,4.08,1012,248,2.98,292,98,55.32%,78,141,71.283,1693.0,17.796,24.0,3.33%,18.0,540.0,0.638,17.227,27.0,"33' 11""",16408.917,484.0,T50,-0.624,-16.848,27.0,0.29,7.821,27.0,-0.052,-1.406,27.0
49771,J.T. Poston,3.92,102,26,294.8,15329,52,59.39%,215,362,67.95%,318,468,-0.31,4.6,442,96,4.03,1073,266,3.01,319,106,58.67%,88,150,71.7,1834.0,30.194,26.0,1.67%,9.0,540.0,-0.039,-1.105,28.0,"39' 2""",19562.0,499.0,40,-0.155,-4.352,28.0,0.001,0.015,28.0,-0.155,-4.352,28.0
60019,Jackson Suber,3.67,77,21,299.3,12570,42,49.65%,143,288,66.67%,252,378,-0.23,4.66,354,76,4.08,866,212,3.14,283,90,57.14%,72,126,72.602,1503.0,21.633,21.0,5.29%,20.0,378.0,0.117,1.873,16.0,"37' 0""",10570.75,286.0,T50,-0.824,-13.186,16.0,-0.569,-9.098,16.0,-0.05,-0.798,16.0
60004,Jacob Bridgeman,5.0,160,32,305.7,19567,64,59.23%,263,444,69.44%,400,576,-0.4,4.48,502,112,3.89,1290,332,3.02,398,132,64.20%,113,176,69.495,2190.0,33.824,32.0,.69%,5.0,720.0,0.49,16.668,34.0,"36' 8""",22088.5,603.0,25,1.201,40.824,34.0,0.241,8.21,34.0,-0.192,-6.537,34.0
47420,Jake Knapp,4.23,110,26,319.3,16284,51,57.50%,207,360,66.45%,311,468,-0.41,4.26,358,84,3.93,1086,276,3.0,324,108,71.34%,112,157,69.031,1768.0,26.808,26.0,1.80%,11.0,612.0,0.448,12.981,29.0,"36' 4""",18877.583,520.0,71,0.744,21.579,29.0,0.207,6.001,29.0,0.057,1.651,29.0
28089,Jason Day,4.13,99,24,299.4,14373,48,60.54%,201,332,69.68%,301,432,-0.29,4.64,418,90,3.96,959,242,2.97,297,100,69.47%,91,131,70.898,1674.0,27.54,24.0,1.91%,11.0,576.0,-0.294,-7.339,25.0,"37' 8""",16690.0,443.0,32,0.519,12.973,25.0,-0.02,-0.5,25.0,0.423,10.586,25.0
47393,Jeffrey Kang,3.04,70,23,299.4,13772,46,45.25%,143,316,56.76%,235,414,-0.27,4.75,380,80,4.1,967,236,3.14,308,98,59.78%,107,179,72.795,1655.0,19.296,23.0,1.69%,7.0,414.0,-0.118,-2.128,18.0,"38' 8""",12404.333,321.0,160,-0.314,-5.66,18.0,-1.094,-19.684,18.0,-0.071,-1.286,18.0
57586,Jesper Svensson,3.74,71,19,319.9,12155,38,56.54%,147,260,64.04%,219,342,-0.27,4.59,321,70,4.07,773,190,3.11,255,82,59.35%,73,123,72.053,1349.0,20.013,19.0,4.09%,14.0,342.0,-0.323,-3.873,12.0,"41' 6""",8765.0,211.0,112,-0.694,-8.332,12.0,0.112,1.35,12.0,-0.28,-3.36,12.0
27064,Jhonattan Vegas,3.52,88,25,301.2,15058,50,56.94%,197,346,63.11%,284,450,-0.26,4.66,429,92,4.08,1036,254,3.13,325,104,59.04%,98,166,72.874,1790.0,31.851,25.0,2.30%,12.0,522.0,-0.451,-11.715,26.0,"38' 10""",17979.333,463.0,133,-0.191,-4.975,26.0,-0.08,-2.078,26.0,-0.449,-11.667,26.0
51600,Jimmy Stanger,4.05,85,21,311.8,13094,42,55.24%,158,286,63.23%,239,378,-0.36,4.63,352,76,3.95,830,210,3.24,298,92,60.43%,84,139,71.413,1480.0,19.682,21.0,.53%,2.0,378.0,-1.089,-16.33,15.0,"40' 0""",10592.167,265.0,T124,0.444,6.659,15.0,0.498,7.47,15.0,0.02,0.296,15.0
60067,Joe Highsmith,3.48,115,33,305.6,20172,66,53.06%,243,458,60.77%,361,594,-0.3,4.53,516,114,4.14,1424,344,3.11,423,136,54.94%,128,233,72.611,2363.0,33.156,33.0,3.60%,24.0,666.0,-0.064,-2.176,34.0,"37' 6""",22708.083,605.0,152,-0.315,-10.715,34.0,-0.508,-17.269,34.0,-0.169,-5.734,34.0
34076,Joel Dahmen,3.17,76,24,293.9,14108,48,66.87%,222,332,68.75%,297,432,-0.25,4.63,417,90,3.97,960,242,3.16,316,100,65.19%,88,135,71.273,1693.0,17.561,24.0,2.78%,12.0,432.0,0.398,8.363,21.0,"34' 8""",13046.417,376.0,27,-0.572,-12.011,21.0,0.445,9.342,21.0,-0.409,-8.594,21.0
28723,John Parry,3.89,140,36,297.8,21444,72,59.27%,294,496,70.22%,455,648,-0.29,4.6,571,124,3.99,1484,372,2.98,453,152,62.18%,120,193,70.691,2508.0,36.866,36.0,2.01%,13.0,648.0,0.218,6.333,29.0,"37' 1""",19228.25,519.0,T8,0.094,2.737,29.0,-0.015,-0.44,29.0,0.025,0.736,29.0
55573,John VanDerLaan,3.74,101,27,304.8,16461,54,58.60%,218,372,66.46%,323,486,-0.26,4.54,436,96,4.06,1121,276,3.09,352,114,58.90%,96,163,71.571,1909.0,23.429,27.0,3.50%,17.0,486.0,-0.129,-2.583,20.0,"36' 7""",13069.167,357.0,58,-0.142,-2.835,20.0,-0.182,-3.646,20.0,-0.186,-3.724,20.0
63454,Johnny Keefer,4.07,114,28,317.0,17753,56,57.51%,222,386,73.21%,369,504,-0.24,4.62,434,94,4.02,1175,292,3.07,362,118,58.52%,79,135,71.242,1971.0,23.779,28.0,5.72%,35.0,612.0,0.169,4.9,29.0,"36' 0""",18486.667,513.0,4,-0.604,-17.53,29.0,0.519,15.06,29.0,-0.43,-12.483,29.0
46464,Jordan Smith,3.93,118,30,312.6,18757,60,60.19%,248,412,70.74%,382,540,-0.29,4.53,453,100,3.97,1239,312,3.13,400,128,56.33%,89,158,70.624,2092.0,26.711,30.0,2.12%,13.0,612.0,0.426,13.218,31.0,"37' 1""",20379.667,550.0,11,-0.181,-5.607,31.0,0.525,16.268,31.0,-0.263,-8.163,31.0
34046,Jordan Spieth,3.9,117,30,306.7,18404,60,56.25%,234,416,65.19%,352,540,-0.31,4.56,483,106,4.02,1246,310,2.99,371,124,67.55%,127,188,70.696,2100.0,20.873,30.0,2.63%,18.0,684.0,0.294,9.994,34.0,"39' 3""",23888.333,608.0,T62,0.423,14.391,34.0,-0.133,-4.526,34.0,0.071,2.428,34.0
40162,Justin Lower,3.16,60,19,291.9,11093,38,61.54%,160,260,59.36%,203,342,-0.25,4.68,337,72,4.1,771,188,3.15,258,82,61.15%,85,139,72.837,1366.0,17.909,19.0,3.22%,11.0,342.0,-1.345,-18.831,14.0,"39' 7""",9780.167,247.0,154,-0.556,-7.786,14.0,0.072,1.012,14.0,-0.012,-0.174,14.0
22405,Justin Rose,4.42,84,19,304.1,11557,38,56.77%,151,266,71.93%,246,342,-0.34,4.54,336,74,3.94,757,192,3.08,234,76,58.33%,56,96,71.06,1327.0,23.137,19.0,1.93%,8.0,414.0,0.755,12.076,16.0,"36' 11""",10528.083,285.0,1,0.17,2.725,16.0,-0.283,-4.526,16.0,-0.09,-1.44,16.0
54304,Karl Vilips,4.08,98,24,306.0,14687,48,47.56%,156,328,64.12%,277,432,-0.33,4.69,413,88,4.03,968,240,2.99,311,104,60.65%,94,155,71.289,1692.0,18.93,24.0,1.79%,9.0,504.0,0.114,2.846,25.0,"37' 2""",16513.833,444.0,137,0.63,15.761,25.0,-0.535,-13.365,25.0,-0.321,-8.015,25.0
33141,Keegan Bradley,3.86,85,22,305.6,13447,44,60.20%,183,304,61.87%,245,396,-0.3,4.52,371,82,4.09,908,222,3.11,286,92,60.93%,92,151,71.745,1565.0,13.384,22.0,3.89%,21.0,540.0,-0.403,-10.065,25.0,"36' 11""",16408.25,444.0,138,-0.093,-2.331,25.0,0.131,3.263,25.0,0.351,8.77,25.0
49228,Keita Nakajima,3.57,50,14,312.5,8751,28,56.12%,110,196,70.63%,178,252,-0.26,4.51,212,47,4.12,614,149,3.05,171,56,45.95%,34,74,72.502,997.0,18.026,14.0,,,,,,,,,,,,,,,,,,,
39546,Keith Mitchell,4.21,160,38,311.7,23687,76,56.25%,297,528,69.30%,474,684,-0.3,4.51,595,132,3.99,1581,396,3.03,472,156,63.81%,134,210,70.727,2648.0,39.643,38.0,3.07%,21.0,684.0,0.387,13.537,35.0,"37' 10""",23547.75,622.0,18,-0.327,-11.447,35.0,0.625,21.868,35.0,-0.132,-4.618,35.0
49120,Kensei Hirata,3.07,83,27,294.2,15889,54,66.94%,249,372,64.20%,312,486,-0.24,4.72,434,92,4.07,1139,280,3.04,346,114,62.07%,108,174,71.976,1919.0,24.347,27.0,2.88%,14.0,486.0,-0.684,-15.042,22.0,"38' 4""",14989.667,391.0,107,-0.088,-1.925,22.0,0.135,2.967,22.0,-0.01,-0.214,22.0
39335,Kevin Roy,3.91,129,33,304.5,20094,66,58.81%,267,454,63.30%,376,594,-0.31,4.55,510,112,4.04,1383,342,3.01,421,140,63.76%,139,218,70.858,2314.0,24.319,33.0,2.36%,14.0,594.0,-0.359,-10.779,30.0,"36' 7""",19359.667,529.0,T121,0.137,4.099,30.0,0.204,6.109,30.0,0.345,10.35,30.0
27214,Kevin Streelman,3.71,78,21,292.9,12301,42,57.24%,166,290,66.67%,252,378,-0.27,4.7,376,80,3.99,838,210,3.03,267,88,65.08%,82,126,71.561,1481.0,21.781,21.0,2.65%,10.0,378.0,-0.165,-2.307,14.0,"37' 0""",9292.917,251.0,T50,0.421,5.891,14.0,-0.374,-5.233,14.0,0.068,0.951,14.0
45242,Kevin Yu,4.08,102,25,305.3,15266,50,54.07%,186,344,66.44%,299,450,-0.31,4.54,427,94,4.09,1022,250,3.09,328,106,53.64%,81,151,72.119,1777.0,25.982,25.0,4.00%,18.0,450.0,-0.147,-3.234,22.0,"38' 2""",14986.75,393.0,59,-0.636,-13.987,22.0,0.024,0.522,22.0,0.102,2.249,22.0
35658,Kris Ventura,3.29,56,17,306.4,10417,34,55.13%,129,234,64.05%,196,306,-0.28,4.56,292,64,4.0,680,170,3.19,230,72,70.91%,78,110,71.623,1202.0,15.595,17.0,,,,,,,,,,,,,,,,,,,
49855,Kristoffer Reitan,3.54,92,26,310.3,16137,52,56.67%,204,360,64.32%,301,468,-0.29,4.6,414,90,4.07,1098,270,3.12,337,108,58.68%,98,167,71.647,1849.0,13.823,26.0,2.04%,11.0,540.0,-0.532,-13.309,25.0,"37' 8""",16773.083,445.0,120,-0.213,-5.322,25.0,0.456,11.401,25.0,-0.149,-3.73,25.0
48117,Kurt Kitayama,3.83,111,29,309.2,17933,58,58.96%,237,402,71.65%,374,522,-0.27,4.71,452,96,3.92,1201,306,3.03,363,120,68.92%,102,148,70.67,2016.0,33.42,29.0,2.55%,17.0,666.0,0.667,20.677,31.0,"34' 11""",19224.0,551.0,10,-0.228,-7.083,31.0,0.204,6.314,31.0,-0.062,-1.932,31.0
54628,Lee Hodges,3.63,98,27,300.3,16215,54,64.05%,237,370,66.26%,322,486,-0.27,4.48,412,92,4.06,1130,278,3.08,357,116,60.98%,100,164,71.04,1899.0,19.086,27.0,2.06%,10.0,486.0,0.176,4.223,24.0,"37' 11""",16283.417,429.0,65,0.047,1.123,24.0,0.209,5.024,24.0,-0.306,-7.356,24.0
25900,Lucas Glover,2.88,49,17,281.4,9568,34,69.66%,163,234,57.19%,175,306,-0.24,4.66,298,64,4.13,702,170,3.21,231,72,62.60%,82,131,73.12,1231.0,12.034,17.0,1.85%,7.0,378.0,-0.195,-4.087,21.0,"34' 5""",12956.25,376.0,161,-0.585,-12.281,21.0,-0.221,-4.634,21.0,-0.28,-5.871,21.0
52955,Ludvig Åberg,4.63,111,24,310.3,14892,48,61.01%,205,336,69.21%,299,432,-0.37,4.43,408,92,4.0,975,244,2.94,282,96,60.90%,81,133,70.592,1665.0,29.197,24.0,2.26%,13.0,576.0,0.485,12.135,25.0,"34' 6""",15373.0,446.0,22,0.339,8.467,25.0,0.4,10.002,25.0,0.356,8.905,25.0
66743,Luke Clanton,3.19,67,21,297.1,12478,42,52.43%,151,288,66.40%,251,378,-0.19,4.74,351,74,4.07,870,214,3.18,286,90,56.69%,72,127,72.575,1507.0,17.08,21.0,4.76%,18.0,378.0,-0.024,-0.367,15.0,"38' 2""",10227.167,268.0,60,-1.064,-15.956,15.0,-0.514,-7.712,15.0,-0.5,-7.503,15.0
59143,Mac Meissner,3.73,112,30,305.4,18324,60,54.83%,227,414,67.59%,365,540,-0.28,4.55,464,102,4.02,1253,312,3.04,383,126,63.43%,111,175,70.835,2100.0,25.048,30.0,2.59%,14.0,540.0,0.16,4.331,27.0,"35' 7""",17136.25,482.0,38,0.015,0.395,27.0,0.031,0.824,27.0,0.093,2.504,27.0
35506,Mackenzie Hughes,3.21,93,29,304.7,17670,58,52.25%,209,400,66.09%,345,522,-0.28,4.6,488,106,4.03,1184,294,3.06,373,122,62.15%,110,177,71.573,2045.0,30.627,29.0,.96%,5.0,522.0,-0.237,-6.151,26.0,"38' 11""",18072.5,464.0,68,0.262,6.809,26.0,-0.216,-5.619,26.0,0.215,5.58,26.0
37076,Marcelo Rozo,3.33,70,21,290.1,12183,42,58.90%,172,292,64.29%,243,378,-0.2,4.7,357,76,4.16,899,216,3.05,262,86,55.56%,75,135,73.199,1518.0,19.172,21.0,6.35%,24.0,378.0,0.218,3.055,14.0,"38' 5""",9601.167,250.0,103,-1.636,-22.909,14.0,-0.505,-7.066,14.0,-0.329,-4.611,14.0
51003,Marco Penge,3.92,94,24,319.6,15343,48,48.48%,160,330,66.20%,286,432,-0.29,4.61,406,88,4.04,978,242,3.07,313,102,56.16%,82,146,71.551,1697.0,20.224,24.0,2.60%,15.0,576.0,-0.427,-11.517,27.0,"38' 11""",18687.167,480.0,119,-0.211,-5.701,27.0,0.607,16.395,27.0,-0.29,-7.819,27.0
36801,Mark Hubbard,3.29,102,31,294.2,18239,62,56.28%,242,430,62.72%,350,558,-0.25,4.69,506,108,4.08,1315,322,3.05,390,128,58.17%,121,208,72.245,2211.0,28.581,31.0,2.33%,13.0,558.0,-0.208,-4.992,24.0,"39' 7""",17068.167,431.0,T131,-0.777,-18.658,24.0,-0.344,-8.26,24.0,-0.018,-0.442,24.0
40098,Matt Fitzpatrick,4.71,132,28,305.2,17092,56,69.07%,268,388,72.02%,363,504,-0.33,4.44,462,104,3.94,1120,284,3.02,350,116,65.25%,92,141,70.059,1932.0,29.643,28.0,3.24%,21.0,648.0,0.791,23.729,30.0,"34' 7""",18530.75,536.0,3,0.054,1.609,30.0,0.578,17.347,30.0,0.355,10.658,30.0
23108,Matt Kuchar,3.44,55,16,280.6,8979,32,61.93%,135,218,59.03%,170,288,-0.26,4.69,272,58,4.05,648,160,3.06,214,70,66.95%,79,118,71.983,1134.0,17.731,16.0,,,,,,,,,,,,,,,,,,,
59141,Matt McCarty,4.12,140,34,296.8,20184,68,61.18%,290,474,63.89%,391,612,-0.33,4.58,559,122,4.01,1413,352,3.07,423,138,60.63%,134,221,71.521,2395.0,36.715,34.0,1.59%,12.0,756.0,-0.082,-2.884,35.0,"35' 3""",21913.333,621.0,T124,0.19,6.641,35.0,0.056,1.956,35.0,-0.249,-8.719,35.0
48887,Matt Wallace,3.39,78,23,303.9,13979,46,58.92%,185,314,64.01%,265,414,-0.28,4.57,384,84,3.99,918,230,3.11,311,100,67.79%,101,149,71.11,1613.0,22.524,23.0,2.47%,12.0,486.0,0.135,2.967,22.0,"38' 0""",14942.417,393.0,T128,-0.126,-2.778,22.0,0.012,0.265,22.0,0.358,7.881,22.0
48153,Matthieu Pavon,3.82,130,34,304.8,20729,68,55.77%,261,468,62.42%,382,612,-0.32,4.71,556,118,3.98,1393,350,3.02,435,144,65.22%,150,230,71.028,2384.0,30.941,34.0,1.96%,12.0,612.0,-0.718,-19.384,27.0,"41' 8""",20001.167,480.0,135,0.79,21.331,27.0,-0.028,-0.768,27.0,-0.033,-0.889,27.0
48867,Matti Schmid,3.72,145,39,307.4,23976,78,52.23%,281,538,64.53%,453,702,-0.29,4.5,621,138,4.07,1629,400,3.14,515,164,57.43%,143,249,71.915,2765.0,39.679,39.0,2.99%,21.0,702.0,-0.603,-19.299,32.0,"38' 8""",22011.0,569.0,100,-0.031,-1.003,32.0,-0.049,-1.575,32.0,-0.063,-2.024,32.0
46442,Maverick McNealy,4.4,132,30,308.3,18499,60,56.90%,239,420,65.56%,354,540,-0.36,4.43,470,106,3.98,1251,314,3.05,366,120,64.52%,120,186,70.434,2087.0,26.03,30.0,2.05%,14.0,684.0,-0.04,-1.318,33.0,"38' 4""",22515.667,588.0,97,0.43,14.197,33.0,0.335,11.069,33.0,0.244,8.048,33.0
51977,Max Greyserman,4.29,103,24,306.3,14704,48,50.00%,167,334,63.19%,273,432,-0.34,4.63,407,88,4.05,997,246,2.96,290,98,59.75%,95,159,71.945,1694.0,32.67,24.0,2.99%,14.0,468.0,-0.273,-5.743,21.0,"36' 5""",13506.75,371.0,136,0.221,4.637,21.0,-0.675,-14.166,21.0,-0.068,-1.428,21.0
39977,Max Homa,4.04,105,26,306.1,15919,52,58.56%,212,362,65.60%,307,468,-0.32,4.49,413,92,4.06,1095,270,3.09,328,106,55.90%,90,161,71.522,1836.0,23.562,26.0,3.10%,19.0,612.0,0.041,1.116,27.0,"39' 9""",19171.0,482.0,T105,0.028,0.761,27.0,0.001,0.035,27.0,-0.283,-7.646,27.0
51950,Max McGreevy,3.69,133,36,296.6,21356,72,64.86%,323,498,68.98%,447,648,-0.3,4.44,560,126,4.04,1504,372,3.03,455,150,57.71%,116,201,71.009,2519.0,37.312,36.0,2.16%,14.0,648.0,0.424,13.992,33.0,"38' 6""",22782.333,592.0,T23,-0.469,-15.464,33.0,0.312,10.283,33.0,-0.018,-0.58,33.0
61522,Michael Brennan,4.0,116,29,321.8,18665,58,59.50%,238,400,65.71%,343,522,-0.33,4.48,448,100,4.03,1209,300,3.16,385,122,54.19%,97,179,71.306,2042.0,25.869,29.0,3.45%,23.0,666.0,0.125,3.26,26.0,"35' 0""",16067.75,459.0,69,-0.409,-10.633,26.0,0.678,17.641,26.0,-0.666,-17.328,26.0
39975,Michael Kim,4.03,125,31,299.5,18567,62,55.12%,237,430,62.19%,347,558,-0.33,4.59,505,110,4.02,1286,320,3.08,394,128,63.98%,135,211,71.432,2185.0,29.378,31.0,3.00%,20.0,666.0,-0.085,-2.805,33.0,"37' 1""",21744.5,587.0,141,0.403,13.285,33.0,-0.439,-14.496,33.0,0.153,5.034,33.0
57364,Michael Thorbjornsen,3.9,121,31,313.4,19432,62,61.86%,266,430,68.28%,381,558,-0.3,4.61,525,114,4.0,1264,316,3.05,390,128,65.54%,116,177,71.255,2179.0,29.914,31.0,2.54%,16.0,630.0,0.012,0.38,32.0,"36' 1""",20459.25,567.0,45,-0.374,-11.983,32.0,0.2,6.396,32.0,0.282,9.01,32.0
37378,Min Woo Lee,5.04,141,28,316.0,17696,56,62.11%,241,388,67.66%,341,504,-0.4,4.34,434,100,3.97,1142,288,2.95,342,116,64.42%,105,163,69.707,1918.0,33.808,28.0,2.29%,14.0,612.0,0.225,6.754,30.0,"36' 3""",19360.917,534.0,84,0.227,6.821,30.0,0.61,18.286,30.0,0.311,9.32,30.0
63807,Neal Shipley,3.29,69,21,306.4,12867,42,62.07%,180,290,65.08%,246,378,-0.25,4.68,337,72,4.12,899,218,3.1,273,88,51.52%,68,132,72.71,1509.0,17.915,21.0,3.17%,12.0,378.0,-0.364,-5.828,16.0,"37' 9""",10801.667,286.0,T87,-0.962,-15.386,16.0,0.618,9.89,16.0,-0.78,-12.487,16.0
59866,Nick Dunlap,3.0,48,16,286.8,9177,32,40.91%,90,220,59.72%,172,288,-0.23,4.87,253,52,4.08,685,168,3.15,214,68,56.03%,65,116,72.713,1152.0,11.41,16.0,,,,,,,,,,,,,,,,,,,
25493,Nick Taylor,3.76,128,34,295.9,20119,68,58.23%,276,474,67.32%,412,612,-0.29,4.54,545,120,4.0,1415,354,2.99,412,138,69.00%,138,200,70.808,2372.0,35.465,34.0,1.85%,14.0,756.0,0.384,13.818,36.0,"35' 4""",22701.5,642.0,T50,-0.232,-8.341,36.0,-0.194,-6.982,36.0,0.454,16.326,36.0
51349,Nico Echavarria,4.19,113,27,293.2,15831,54,61.70%,232,376,68.11%,331,486,-0.32,4.69,441,94,3.98,1121,282,3.15,347,110,52.90%,82,155,71.697,1909.0,26.831,27.0,1.68%,10.0,594.0,-0.184,-5.345,29.0,"36' 7""",18808.75,514.0,101,-0.124,-3.589,29.0,-0.228,-6.613,29.0,-0.31,-9.003,29.0
52453,Nicolai Højgaard,4.0,112,28,317.5,17778,56,52.60%,202,384,67.26%,339,504,-0.33,4.49,449,100,4.0,1136,284,2.96,355,120,67.27%,111,165,69.681,1940.0,11.08,28.0,2.29%,14.0,612.0,0.594,18.405,31.0,"36' 6""",20203.0,553.0,56,0.304,9.439,31.0,0.298,9.244,31.0,0.111,3.427,31.0
35450,Patrick Cantlay,3.83,92,24,298.5,14327,48,60.24%,200,332,69.91%,302,432,-0.29,4.57,420,92,3.96,951,240,3.01,301,100,67.69%,88,130,70.835,1672.0,28.031,24.0,2.43%,14.0,576.0,0.208,5.191,25.0,"38' 1""",17056.25,448.0,T19,-0.219,-5.476,25.0,0.491,12.269,25.0,0.376,9.395,25.0
54576,Patrick Fishburn,3.11,59,19,304.9,11588,38,55.00%,143,260,65.79%,225,342,-0.23,4.76,333,70,4.11,780,190,3.05,250,82,53.85%,63,117,72.727,1363.0,18.81,19.0,2.92%,10.0,342.0,-0.691,-9.674,14.0,"41' 0""",10285.917,251.0,78,0.009,0.125,14.0,-0.105,-1.465,14.0,-0.098,-1.376,14.0
36699,Patrick Rodgers,3.98,159,40,306.7,24538,80,53.61%,297,554,66.94%,482,720,-0.29,4.61,655,142,4.03,1660,412,2.96,492,166,60.50%,144,238,71.131,2807.0,38.254,40.0,3.03%,24.0,792.0,0.094,3.854,41.0,"38' 5""",28302.583,736.0,81,0.178,7.293,41.0,-0.118,-4.848,41.0,0.164,6.71,41.0
32757,Patton Kizzire,3.3,76,23,296.9,13657,46,51.57%,164,318,60.87%,252,414,-0.27,4.76,352,74,4.08,996,244,2.99,287,96,60.49%,98,162,71.887,1635.0,18.407,23.0,2.42%,10.0,414.0,0.149,3.125,21.0,"39' 3""",14746.5,376.0,142,-0.081,-1.708,21.0,-1.058,-22.214,21.0,0.22,4.629,21.0
31113,Paul Waring,3.21,45,14,305.1,8544,28,53.68%,102,190,59.92%,151,252,-0.28,4.88,244,50,3.98,557,140,3.06,190,62,64.36%,65,101,71.234,991.0,6.275,14.0,,,,,,,,,,,,,,,,,,,
34466,Peter Malnati,3.48,87,25,292.4,14619,50,50.29%,173,344,60.00%,270,450,-0.3,4.53,399,88,4.09,1047,256,3.13,332,106,57.22%,103,180,72.042,1778.0,23.055,25.0,1.78%,8.0,450.0,-0.808,-14.551,18.0,"41' 9""",13351.0,320.0,149,0.236,4.242,18.0,-0.64,-11.516,18.0,0.048,0.86,18.0
59836,Pierceson Coody,4.61,152,33,316.1,20860,66,54.92%,251,457,69.87%,415,594,-0.32,4.54,522,115,4.01,1371,342,2.96,406,137,60.34%,108,179,70.793,2299.0,37.153,33.0,3.00%,20.0,666.0,0.451,15.328,34.0,"37' 8""",22937.5,609.0,28,-0.015,-0.501,34.0,0.397,13.515,34.0,-0.431,-14.646,34.0
55851,Pontus Nyholm,3.6,90,25,313.7,15686,50,44.19%,152,344,62.00%,279,450,-0.3,4.5,387,86,4.1,1059,258,3.09,328,106,60.23%,103,171,71.896,1774.0,23.397,25.0,2.67%,12.0,450.0,-0.443,-7.97,18.0,"40' 9""",13169.917,323.0,139,0.163,2.934,18.0,-0.526,-9.461,18.0,0.128,2.305,18.0
32070,Rafael Campos,3.55,78,22,305.5,13440,44,53.29%,162,304,64.14%,254,396,-0.26,4.64,362,78,4.07,920,226,3.18,293,92,53.52%,76,142,72.647,1575.0,23.241,22.0,3.28%,13.0,396.0,-0.328,-4.919,15.0,"38' 8""",10410.167,269.0,108,-0.477,-7.156,15.0,-0.412,-6.184,15.0,-1.012,-15.183,15.0
52686,Rasmus Højgaard,3.89,109,28,319.6,17900,56,47.14%,181,384,68.85%,347,504,-0.31,4.54,454,100,4.02,1141,284,3.03,363,120,59.87%,94,157,70.813,1958.0,24.766,28.0,3.13%,18.0,576.0,0.333,7.658,23.0,"36' 10""",15130.833,411.0,30,0.59,13.568,23.0,0.172,3.964,23.0,-0.273,-6.269,23.0
52689,Rasmus Neergaard-Petersen,3.73,82,22,301.2,13254,44,57.28%,173,302,65.66%,260,396,-0.29,4.55,355,78,4.09,916,224,3.04,286,94,53.68%,73,136,71.442,1557.0,14.725,22.0,2.55%,11.0,432.0,0.081,1.374,17.0,"38' 10""",11732.833,302.0,91,-0.138,-2.341,17.0,0.356,6.048,17.0,-0.226,-3.844,17.0
32102,Rickie Fowler,4.21,118,28,303.8,17013,56,64.10%,250,390,67.46%,340,504,-0.35,4.59,468,102,3.94,1134,288,3.03,345,114,65.85%,108,164,70.766,1947.0,34.45,28.0,1.39%,8.0,576.0,0.203,6.091,30.0,"36' 1""",19264.0,534.0,43,0.518,15.534,30.0,0.254,7.605,30.0,-0.213,-6.393,30.0
59440,Ricky Castillo,4.28,137,32,308.3,19728,64,56.82%,250,440,64.58%,372,576,-0.35,4.52,506,112,3.96,1298,328,3.1,422,136,64.22%,131,204,70.44,2226.0,28.078,32.0,1.39%,9.0,648.0,-0.309,-8.965,29.0,"38' 0""",19610.167,516.0,123,0.24,6.962,29.0,0.2,5.808,29.0,0.087,2.517,29.0
51696,Rico Hoey,3.57,132,37,306.4,22677,74,56.86%,290,510,63.66%,424,666,-0.29,4.57,585,128,4.07,1554,382,3.13,489,156,60.74%,147,242,71.727,2628.0,25.883,37.0,3.30%,22.0,666.0,0.004,0.162,36.0,"40' 0""",25752.083,644.0,114,-0.328,-11.815,36.0,0.255,9.173,36.0,-0.416,-14.987,36.0
52215,Robert MacIntyre,4.64,130,28,302.9,16965,56,61.22%,240,392,66.47%,335,504,-0.36,4.53,453,100,3.9,1139,292,3.0,336,112,72.78%,123,169,70.09,1928.0,34.509,28.0,2.12%,13.0,612.0,-0.41,-12.293,30.0,"40' 5""",21598.917,534.0,94,0.832,24.945,30.0,0.613,18.387,30.0,0.181,5.443,30.0
28237,Rory McIlroy,4.64,65,14,315.5,8835,28,60.20%,118,196,71.03%,179,252,-0.37,4.38,228,52,3.94,567,144,3.05,171,56,67.12%,49,73,69.929,966.0,13.003,14.0,2.16%,7.0,324.0,0.748,10.476,14.0,"34' 6""",8528.417,247.0,12,-0.148,-2.071,14.0,0.799,11.18,14.0,0.386,5.398,14.0
34098,Russell Henley,4.5,108,24,294.2,14121,48,68.45%,230,336,66.90%,289,432,-0.34,4.48,385,86,3.96,990,250,2.96,284,96,71.33%,102,143,70.335,1659.0,29.034,24.0,2.08%,12.0,576.0,0.131,3.413,26.0,"35' 8""",16641.083,467.0,57,0.518,13.48,26.0,0.192,5.005,26.0,0.244,6.356,26.0
29936,Ryan Fox,4.28,77,18,312.6,11255,36,54.40%,136,250,64.20%,208,324,-0.34,4.65,288,62,3.94,741,188,3.0,222,74,65.52%,76,116,70.656,1251.0,20.8,18.0,2.31%,10.0,432.0,0.01,0.227,22.0,"36' 8""",14379.667,392.0,109,0.231,5.09,22.0,0.264,5.799,22.0,0.193,4.245,22.0
59018,Ryan Gerard,4.53,145,32,301.9,19319,64,62.78%,280,446,71.53%,412,576,-0.34,4.45,490,110,3.96,1331,336,3.01,391,130,60.37%,99,164,70.231,2212.0,35.403,32.0,1.81%,13.0,720.0,0.665,21.937,33.0,"35' 7""",20920.25,588.0,T15,0.145,4.794,33.0,0.3,9.888,33.0,-0.249,-8.201,33.0
51287,Ryo Hisatsune,4.5,171,38,303.0,23030,76,61.74%,326,528,72.37%,495,684,-0.31,4.51,632,140,3.96,1535,388,3.01,469,156,60.32%,114,189,70.362,2636.0,37.747,38.0,3.17%,24.0,756.0,0.483,18.854,39.0,"35' 4""",24581.0,696.0,2,-0.078,-3.025,39.0,0.482,18.801,39.0,0.151,5.882,39.0
50188,S.H. Kim,3.76,128,34,301.6,20508,68,58.51%,275,470,63.40%,388,612,-0.3,4.56,547,120,4.02,1407,350,3.04,432,142,66.07%,148,224,71.047,2386.0,29.592,34.0,1.80%,11.0,612.0,-0.524,-14.16,27.0,"40' 2""",19299.0,480.0,118,0.349,9.417,27.0,0.138,3.733,27.0,0.109,2.942,27.0
51634,Sahith Theegala,3.92,149,38,305.7,23233,76,56.84%,299,526,67.11%,459,684,-0.33,4.45,587,132,3.97,1565,394,3.03,478,158,67.56%,152,225,70.226,2630.0,38.576,38.0,2.38%,18.0,756.0,0.347,13.541,39.0,"38' 9""",26966.833,696.0,64,0.327,12.752,39.0,-0.167,-6.498,39.0,0.382,14.891,39.0
47504,Sam Burns,4.32,95,22,313.6,13799,44,55.26%,168,304,67.42%,267,396,-0.34,4.51,361,80,3.96,888,224,3.08,283,92,61.24%,79,129,70.84,1532.0,26.479,22.0,1.85%,10.0,540.0,0.059,1.424,24.0,"37' 5""",16009.417,428.0,48,0.733,17.585,24.0,0.152,3.647,24.0,-0.369,-8.852,24.0
37275,Sam Ryder,3.79,91,24,299.0,14354,48,54.88%,180,328,65.05%,281,432,-0.3,4.73,426,90,3.97,945,238,3.07,319,104,60.26%,91,151,71.39,1690.0,23.359,24.0,2.31%,10.0,432.0,0.497,9.435,19.0,"37' 9""",12821.917,340.0,89,0.484,9.199,19.0,-0.196,-3.732,19.0,-0.346,-6.568,19.0
55893,Sam Stevens,4.18,142,34,307.8,20933,68,62.50%,295,472,71.24%,436,612,-0.3,4.56,529,116,3.94,1404,356,3.05,427,140,61.93%,109,176,70.555,2360.0,38.86,34.0,1.85%,14.0,756.0,0.293,10.245,35.0,"37' 4""",23450.167,628.0,26,-0.165,-5.779,35.0,0.385,13.463,35.0,-0.047,-1.642,35.0
52666,Sami Valimaki,3.92,98,25,293.4,14671,50,61.43%,215,350,66.67%,300,450,-0.28,4.6,414,90,4.05,1054,260,2.99,299,100,65.33%,98,150,72.002,1767.0,33.038,25.0,2.33%,13.0,558.0,0.005,0.126,26.0,"35' 10""",16565.083,462.0,85,0.181,4.701,26.0,-0.343,-8.923,26.0,-0.196,-5.098,26.0
46046,Scottie Scheffler,5.38,129,24,309.9,14874,48,60.12%,202,336,71.30%,308,432,-0.4,4.36,384,88,3.9,967,248,3.01,289,96,64.52%,80,124,69.626,1640.0,31.013,24.0,1.56%,9.0,576.0,0.131,3.399,26.0,"39' 9""",18358.333,462.0,7,0.606,15.752,26.0,0.64,16.651,26.0,0.672,17.465,26.0
28252,Seamus Power,3.7,111,30,300.2,18012,60,60.87%,252,414,65.74%,355,540,-0.29,4.63,491,106,4.04,1245,308,2.98,376,126,63.78%,118,185,71.162,2112.0,22.869,30.0,2.04%,11.0,540.0,-0.142,-3.548,25.0,"38' 11""",17404.25,447.0,79,0.14,3.508,25.0,-0.158,-3.962,25.0,0.249,6.235,25.0
49960,Sepp Straka,4.28,107,25,301.6,15081,50,60.29%,211,350,66.22%,298,450,-0.35,4.5,414,92,4.03,1041,258,2.97,297,100,63.16%,96,152,71.291,1752.0,30.283,25.0,2.86%,17.0,594.0,0.538,14.521,27.0,"36' 6""",17656.333,484.0,72,0.047,1.26,27.0,0.138,3.727,27.0,0.055,1.494,27.0
33204,Shane Lowry,4.15,83,20,297.7,11907,40,62.68%,173,276,67.78%,244,360,-0.34,4.47,304,68,4.01,834,208,2.94,247,84,64.66%,75,116,70.255,1385.0,20.101,20.0,1.79%,9.0,504.0,0.32,7.681,24.0,"35' 2""",14988.417,426.0,39,0.39,9.367,24.0,0.179,4.289,24.0,-0.095,-2.284,24.0
37455,Si Woo Kim,4.56,164,36,298.6,21497,72,71.03%,358,504,69.91%,453,648,-0.35,4.57,585,128,3.91,1469,376,2.98,429,144,66.67%,130,195,70.152,2483.0,42.461,36.0,1.89%,15.0,792.0,0.817,30.232,37.0,"33' 3""",21964.583,661.0,21,-0.227,-8.415,37.0,0.605,22.392,37.0,0.182,6.746,37.0
36799,Stephan Jaeger,4.18,138,33,309.7,20442,66,48.68%,221,454,62.96%,374,594,-0.33,4.53,553,122,4.06,1349,332,2.95,413,140,65.91%,145,220,71.057,2315.0,29.884,33.0,2.53%,15.0,594.0,-0.166,-4.967,30.0,"40' 10""",21784.917,534.0,T128,0.298,8.929,30.0,-0.113,-3.402,30.0,0.255,7.647,30.0
57123,Steven Fisk,3.76,109,29,305.3,17710,58,58.00%,232,400,64.94%,339,522,-0.27,4.76,495,104,3.98,1179,296,3.08,376,122,62.30%,114,183,71.718,2050.0,29.818,29.0,2.02%,12.0,594.0,-0.161,-4.829,30.0,"37' 5""",19999.167,535.0,96,0.157,4.703,30.0,-0.233,-6.984,30.0,0.024,0.711,30.0
60386,Sudarshan Yellamaraju,4.63,162,35,313.5,21944,70,61.73%,300,486,67.62%,426,630,-0.36,4.53,543,120,3.94,1442,366,3.04,438,144,62.75%,128,204,70.179,2423.0,33.275,35.0,1.42%,10.0,702.0,0.449,14.356,32.0,"34' 5""",19688.417,572.0,46,0.491,15.716,32.0,0.382,12.212,32.0,-0.175,-5.593,32.0
47917,Takumi Kanaya,3.17,111,35,293.3,20529,70,62.03%,299,482,59.84%,377,630,-0.27,4.62,554,120,4.03,1459,362,3.14,465,148,64.03%,162,253,71.58,2478.0,27.308,35.0,1.59%,10.0,630.0,-0.919,-27.556,30.0,"40' 4""",21700.25,538.0,151,0.486,14.593,30.0,0.029,0.883,30.0,0.149,4.463,30.0
49947,Taylor Moore,3.75,105,28,312.0,17473,56,51.29%,199,388,60.32%,304,504,-0.33,4.56,483,106,4.07,1147,282,2.99,347,116,65.50%,131,200,71.38,1977.0,21.641,28.0,1.19%,6.0,504.0,-0.804,-20.094,25.0,"41' 6""",18484.583,445.0,144,0.322,8.054,25.0,0.41,10.246,25.0,0.21,5.253,25.0
40250,Taylor Pendrith,3.76,109,29,310.8,18024,58,58.71%,236,402,68.20%,356,522,-0.24,4.67,476,102,3.99,1196,300,3.13,376,120,62.65%,104,166,71.627,2048.0,29.181,29.0,5.05%,30.0,594.0,-0.186,-5.59,30.0,"38' 7""",20658.75,535.0,42,-0.546,-16.369,30.0,0.317,9.498,30.0,0.066,1.989,30.0
33968,Thorbjørn Olesen,3.55,71,20,303.9,12155,40,52.19%,143,274,66.39%,239,360,-0.26,4.54,318,70,4.03,823,204,3.15,271,86,59.50%,72,121,71.077,1412.0,9.537,20.0,3.06%,11.0,360.0,0.356,6.769,19.0,"38' 4""",12997.917,339.0,61,-0.371,-7.055,19.0,0.234,4.441,19.0,-0.014,-0.269,19.0
35532,Tom Hoge,3.8,114,30,297.3,17840,60,55.77%,232,416,64.44%,348,540,-0.32,4.6,478,104,4.03,1256,312,3.1,385,124,58.85%,113,192,71.838,2119.0,36.136,30.0,2.12%,13.0,612.0,0.13,4.023,31.0,"35' 0""",19395.75,554.0,T105,-0.164,-5.098,31.0,-0.49,-15.2,31.0,-0.401,-12.439,31.0
55182,Tom Kim,3.74,127,34,301.6,20506,68,61.97%,290,468,67.16%,411,612,-0.28,4.5,504,112,4.02,1431,356,3.09,445,144,63.18%,127,201,70.976,2380.0,33.188,34.0,2.94%,18.0,612.0,0.147,4.551,31.0,"37' 5""",20674.25,553.0,44,-0.221,-6.838,31.0,-0.195,-6.046,31.0,0.22,6.808,31.0
30911,Tommy Fleetwood,4.2,84,20,299.3,11973,40,64.29%,180,280,67.78%,244,360,-0.34,4.43,337,76,3.99,814,204,3.0,240,80,68.10%,79,116,70.457,1391.0,18.13,20.0,2.18%,11.0,504.0,0.323,7.744,24.0,"38' 0""",16259.167,428.0,80,-0.19,-4.552,24.0,0.351,8.42,24.0,0.601,14.418,24.0
29725,Tony Finau,4.03,141,35,302.8,21199,70,49.59%,239,482,61.43%,387,630,-0.35,4.52,570,126,4.07,1448,356,2.97,440,148,61.32%,149,243,71.202,2458.0,34.059,35.0,1.71%,12.0,702.0,-0.196,-7.041,36.0,"39' 5""",25142.0,638.0,148,-0.016,-0.561,36.0,-0.463,-16.681,36.0,0.331,11.933,36.0
46717,Viktor Hovland,3.68,81,22,297.8,13103,44,61.44%,188,306,63.64%,252,396,-0.31,4.61,369,80,4.01,906,226,3.0,270,90,65.28%,94,144,71.009,1545.0,17.204,22.0,2.04%,11.0,540.0,0.33,8.582,26.0,"37' 1""",17143.833,462.0,110,-0.014,-0.358,26.0,-0.174,-4.519,26.0,0.317,8.25,26.0
51894,Vince Whaley,3.55,110,31,300.4,18625,62,48.36%,206,426,60.22%,336,558,-0.3,4.62,499,108,4.06,1290,318,3.04,401,132,64.86%,144,222,71.456,2190.0,25.14,31.0,2.15%,12.0,558.0,-0.57,-13.682,24.0,"42' 4""",18086.333,427.0,145,1.046,25.114,24.0,-0.609,-14.625,24.0,-0.238,-5.719,24.0
63121,William Mouw,3.68,92,25,310.0,15500,50,63.58%,220,346,67.56%,304,450,-0.29,4.43,363,82,4.07,1075,264,3.11,323,104,55.48%,81,146,71.311,1761.0,21.785,25.0,3.07%,16.0,522.0,0.1,2.59,26.0,"38' 3""",17720.0,463.0,37,-0.191,-4.961,26.0,0.118,3.062,26.0,-0.298,-7.754,26.0
51766,Wyndham Clark,4.39,123,28,311.0,17417,56,56.96%,221,388,65.67%,331,504,-0.34,4.6,469,102,4.03,1152,286,3.01,349,116,56.65%,98,173,71.606,1970.0,34.97,28.0,3.24%,21.0,648.0,0.319,9.256,29.0,"36' 7""",18873.833,516.0,T76,-0.446,-12.922,29.0,-0.111,-3.209,29.0,0.164,4.756,29.0
48081,Xander Schauffele,4.12,107,26,310.3,16133,52,56.94%,205,360,66.88%,313,468,-0.32,4.53,435,96,3.94,1041,264,3.05,329,108,69.68%,108,155,70.128,1805.0,18.34,26.0,2.94%,18.0,612.0,0.623,18.069,29.0,"38' 6""",20023.25,520.0,35,0.284,8.233,29.0,0.493,14.301,29.0,-0.012,-0.361,29.0
48001,Zach Bauchou,3.86,139,36,302.5,21777,72,52.40%,262,500,65.90%,427,648,-0.29,4.57,576,126,4.0,1497,374,3.06,453,148,62.44%,138,221,71.099,2526.0,33.557,36.0,2.78%,18.0,648.0,0.081,2.339,29.0,"40' 2""",20763.833,517.0,T76,0.094,2.721,29.0,-0.311,-9.022,29.0,0.125,3.637,29.0
37338,Zecheng Dou,3.88,132,34,309.7,21057,68,48.94%,230,470,66.67%,408,612,-0.27,4.59,532,116,4.03,1426,354,3.04,431,142,63.73%,130,204,71.18,2389.0,31.107,34.0,4.08%,25.0,612.0,0.48,12.952,27.0,"39' 3""",18909.833,482.0,T50,-0.09,-2.423,27.0,-0.468,-12.647,27.0,0.358,9.653,27.0
